,Channel,ANOVA p-value,Kruskal p-value,Eta Squared
0,Red (Semantic Precision),8.377901074331275e-05,0.009023438818080334,0.8695146777153797
1,Green (Emotional Tone),1.726835877186267e-05,0.009023438818080334,0.9116696109981045
2,Blue (Structural Recursion),0.4223486520844813,0.6015081344405895,0.08204536937608219
3,Yellow (Temporal Coherence),1.7664651976854858e-05,0.009023438818080334,0.9111719212870649
4,Cyan (Novelty Divergence),0.009998266390391343,0.009023438818080334,0.5846185942050242
5,Magenta (Ethical Calibration),0.011661128310914754,0.009023438818080334,0.5693682417868866
