,mean,std
Red (Semantic),0.303093226,0.058189167
Green (Emotional),0.280031414,0.055863247
Blue (Recursion),0.208787746,0.062625033
Yellow (Temporal),0.29156232,0.042157662
Cyan (Novelty),0.24440958,0.053748865
Magenta (Ethical),0.255940486,0.042845484
